doc_id,filename,relative_path,label,split,char_count,case_id,template_family_id,degradation
SYN-00001,doc_0000.txt,documents/pa_request/doc_0000.txt,pa_request,train,354,SYNTH-CASE-0001,family-00,none
SYN-00002,doc_0001.txt,documents/pa_request/doc_0001.txt,pa_request,train,200,SYNTH-CASE-0002,family-01,none
SYN-00003,doc_0002.txt,documents/pa_request/doc_0002.txt,pa_request,train,348,SYNTH-CASE-0003,family-02,none
SYN-00004,doc_0003.txt,documents/pa_request/doc_0003.txt,pa_request,train,255,SYNTH-CASE-0004,family-03,none
SYN-00005,doc_0004.txt,documents/pa_request/doc_0004.txt,pa_request,train,344,SYNTH-CASE-0005,family-04,none
SYN-00006,doc_0005.txt,documents/pa_request/doc_0005.txt,pa_request,train,260,SYNTH-CASE-0006,family-05,none
SYN-00007,doc_0006.txt,documents/pa_request/doc_0006.txt,pa_request,train,373,SYNTH-CASE-0007,family-06,none
SYN-00008,doc_0007.txt,documents/pa_request/doc_0007.txt,pa_request,val,363,SYNTH-CASE-0008,family-07,none
SYN-00009,doc_0008.txt,documents/pa_request/doc_0008.txt,pa_request,test,461,SYNTH-CASE-0009,family-08,none
SYN-00010,doc_0009.txt,documents/pa_request/doc_0009.txt,pa_request,challenge,250,SYNTH-CASE-0010,family-09,ocr_like_text
SYN-00011,doc_0010.txt,documents/pa_request/doc_0010.txt,pa_request,train,339,SYNTH-CASE-0011,family-00,none
SYN-00012,doc_0011.txt,documents/pa_request/doc_0011.txt,pa_request,train,171,SYNTH-CASE-0012,family-01,none
SYN-00013,doc_0012.txt,documents/pa_request/doc_0012.txt,pa_request,train,371,SYNTH-CASE-0013,family-02,none
SYN-00014,doc_0013.txt,documents/pa_request/doc_0013.txt,pa_request,train,263,SYNTH-CASE-0014,family-03,none
SYN-00015,doc_0014.txt,documents/pa_request/doc_0014.txt,pa_request,train,239,SYNTH-CASE-0015,family-04,none
SYN-00016,doc_0015.txt,documents/pa_request/doc_0015.txt,pa_request,train,383,SYNTH-CASE-0016,family-05,none
SYN-00017,doc_0016.txt,documents/pa_request/doc_0016.txt,pa_request,train,257,SYNTH-CASE-0017,family-06,none
SYN-00018,doc_0017.txt,documents/pa_request/doc_0017.txt,pa_request,val,183,SYNTH-CASE-0018,family-07,none
SYN-00019,doc_0018.txt,documents/pa_request/doc_0018.txt,pa_request,test,346,SYNTH-CASE-0019,family-08,none
SYN-00020,doc_0019.txt,documents/pa_request/doc_0019.txt,pa_request,challenge,401,SYNTH-CASE-0020,family-09,ocr_like_text
SYN-00021,doc_0020.txt,documents/pa_request/doc_0020.txt,pa_request,train,199,SYNTH-CASE-0021,family-00,none
SYN-00022,doc_0021.txt,documents/pa_request/doc_0021.txt,pa_request,train,393,SYNTH-CASE-0022,family-01,none
SYN-00023,doc_0022.txt,documents/pa_request/doc_0022.txt,pa_request,train,391,SYNTH-CASE-0023,family-02,none
SYN-00024,doc_0023.txt,documents/pa_request/doc_0023.txt,pa_request,train,319,SYNTH-CASE-0024,family-03,none
SYN-00025,doc_0024.txt,documents/pa_request/doc_0024.txt,pa_request,train,214,SYNTH-CASE-0025,family-04,none
SYN-00026,doc_0025.txt,documents/pa_request/doc_0025.txt,pa_request,train,268,SYNTH-CASE-0026,family-05,none
SYN-00027,doc_0026.txt,documents/pa_request/doc_0026.txt,pa_request,train,195,SYNTH-CASE-0027,family-06,none
SYN-00028,doc_0027.txt,documents/pa_request/doc_0027.txt,pa_request,val,280,SYNTH-CASE-0028,family-07,none
SYN-00029,doc_0028.txt,documents/pa_request/doc_0028.txt,pa_request,test,215,SYNTH-CASE-0029,family-08,none
SYN-00030,doc_0029.txt,documents/pa_request/doc_0029.txt,pa_request,challenge,323,SYNTH-CASE-0030,family-09,ocr_like_text
SYN-00031,doc_0030.txt,documents/pa_request/doc_0030.txt,pa_request,train,217,SYNTH-CASE-0031,family-00,none
SYN-00032,doc_0031.txt,documents/pa_request/doc_0031.txt,pa_request,train,258,SYNTH-CASE-0032,family-01,none
SYN-00033,doc_0032.txt,documents/pa_request/doc_0032.txt,pa_request,train,313,SYNTH-CASE-0033,family-02,none
SYN-00034,doc_0033.txt,documents/pa_request/doc_0033.txt,pa_request,train,199,SYNTH-CASE-0034,family-03,none
SYN-00035,doc_0034.txt,documents/pa_request/doc_0034.txt,pa_request,train,227,SYNTH-CASE-0035,family-04,none
SYN-00036,doc_0035.txt,documents/pa_request/doc_0035.txt,pa_request,train,308,SYNTH-CASE-0036,family-05,none
SYN-00037,doc_0036.txt,documents/pa_request/doc_0036.txt,pa_request,train,225,SYNTH-CASE-0037,family-06,none
SYN-00038,doc_0037.txt,documents/pa_request/doc_0037.txt,pa_request,val,205,SYNTH-CASE-0038,family-07,none
SYN-00039,doc_0038.txt,documents/pa_request/doc_0038.txt,pa_request,test,169,SYNTH-CASE-0039,family-08,none
SYN-00040,doc_0039.txt,documents/pa_request/doc_0039.txt,pa_request,challenge,235,SYNTH-CASE-0040,family-09,ocr_like_text
SYN-00041,doc_0040.txt,documents/pa_request/doc_0040.txt,pa_request,train,203,SYNTH-CASE-0041,family-00,none
SYN-00042,doc_0041.txt,documents/pa_request/doc_0041.txt,pa_request,train,181,SYNTH-CASE-0042,family-01,none
SYN-00043,doc_0042.txt,documents/pa_request/doc_0042.txt,pa_request,train,279,SYNTH-CASE-0043,family-02,none
SYN-00044,doc_0043.txt,documents/pa_request/doc_0043.txt,pa_request,train,330,SYNTH-CASE-0044,family-03,none
SYN-00045,doc_0044.txt,documents/pa_request/doc_0044.txt,pa_request,train,279,SYNTH-CASE-0045,family-04,none
SYN-00046,doc_0045.txt,documents/pa_request/doc_0045.txt,pa_request,train,212,SYNTH-CASE-0046,family-05,none
SYN-00047,doc_0046.txt,documents/pa_request/doc_0046.txt,pa_request,train,250,SYNTH-CASE-0047,family-06,none
SYN-00048,doc_0047.txt,documents/pa_request/doc_0047.txt,pa_request,val,204,SYNTH-CASE-0048,family-07,none
SYN-00049,doc_0048.txt,documents/pa_request/doc_0048.txt,pa_request,test,345,SYNTH-CASE-0049,family-08,none
SYN-00050,doc_0049.txt,documents/pa_request/doc_0049.txt,pa_request,challenge,342,SYNTH-CASE-0050,family-09,ocr_like_text
SYN-00051,doc_0050.txt,documents/pa_request/doc_0050.txt,pa_request,train,233,SYNTH-CASE-0051,family-00,none
SYN-00052,doc_0051.txt,documents/pa_request/doc_0051.txt,pa_request,train,318,SYNTH-CASE-0052,family-01,none
SYN-00053,doc_0052.txt,documents/pa_request/doc_0052.txt,pa_request,train,270,SYNTH-CASE-0053,family-02,none
SYN-00054,doc_0053.txt,documents/pa_request/doc_0053.txt,pa_request,train,217,SYNTH-CASE-0054,family-03,none
SYN-00055,doc_0054.txt,documents/pa_request/doc_0054.txt,pa_request,train,304,SYNTH-CASE-0055,family-04,none
SYN-00056,doc_0055.txt,documents/pa_request/doc_0055.txt,pa_request,train,177,SYNTH-CASE-0056,family-05,none
SYN-00057,doc_0056.txt,documents/pa_request/doc_0056.txt,pa_request,train,306,SYNTH-CASE-0057,family-06,none
SYN-00058,doc_0057.txt,documents/pa_request/doc_0057.txt,pa_request,val,297,SYNTH-CASE-0058,family-07,none
SYN-00059,doc_0058.txt,documents/pa_request/doc_0058.txt,pa_request,test,147,SYNTH-CASE-0059,family-08,none
SYN-00060,doc_0059.txt,documents/pa_request/doc_0059.txt,pa_request,challenge,289,SYNTH-CASE-0060,family-09,ocr_like_text
SYN-00061,doc_0000.txt,documents/insurance_card/doc_0000.txt,insurance_card,train,249,SYNTH-CASE-0001,family-00,none
SYN-00062,doc_0001.txt,documents/insurance_card/doc_0001.txt,insurance_card,train,249,SYNTH-CASE-0002,family-01,none
SYN-00063,doc_0002.txt,documents/insurance_card/doc_0002.txt,insurance_card,train,359,SYNTH-CASE-0003,family-02,none
SYN-00064,doc_0003.txt,documents/insurance_card/doc_0003.txt,insurance_card,train,221,SYNTH-CASE-0004,family-03,none
SYN-00065,doc_0004.txt,documents/insurance_card/doc_0004.txt,insurance_card,train,217,SYNTH-CASE-0005,family-04,none
SYN-00066,doc_0005.txt,documents/insurance_card/doc_0005.txt,insurance_card,train,225,SYNTH-CASE-0006,family-05,none
SYN-00067,doc_0006.txt,documents/insurance_card/doc_0006.txt,insurance_card,train,204,SYNTH-CASE-0007,family-06,none
SYN-00068,doc_0007.txt,documents/insurance_card/doc_0007.txt,insurance_card,val,160,SYNTH-CASE-0008,family-07,none
SYN-00069,doc_0008.txt,documents/insurance_card/doc_0008.txt,insurance_card,test,226,SYNTH-CASE-0009,family-08,none
SYN-00070,doc_0009.txt,documents/insurance_card/doc_0009.txt,insurance_card,challenge,391,SYNTH-CASE-0010,family-09,ocr_like_text
SYN-00071,doc_0010.txt,documents/insurance_card/doc_0010.txt,insurance_card,train,254,SYNTH-CASE-0011,family-00,none
SYN-00072,doc_0011.txt,documents/insurance_card/doc_0011.txt,insurance_card,train,183,SYNTH-CASE-0012,family-01,none
SYN-00073,doc_0012.txt,documents/insurance_card/doc_0012.txt,insurance_card,train,282,SYNTH-CASE-0013,family-02,none
SYN-00074,doc_0013.txt,documents/insurance_card/doc_0013.txt,insurance_card,train,216,SYNTH-CASE-0014,family-03,none
SYN-00075,doc_0014.txt,documents/insurance_card/doc_0014.txt,insurance_card,train,225,SYNTH-CASE-0015,family-04,none
SYN-00076,doc_0015.txt,documents/insurance_card/doc_0015.txt,insurance_card,train,332,SYNTH-CASE-0016,family-05,none
SYN-00077,doc_0016.txt,documents/insurance_card/doc_0016.txt,insurance_card,train,255,SYNTH-CASE-0017,family-06,none
SYN-00078,doc_0017.txt,documents/insurance_card/doc_0017.txt,insurance_card,val,185,SYNTH-CASE-0018,family-07,none
SYN-00079,doc_0018.txt,documents/insurance_card/doc_0018.txt,insurance_card,test,189,SYNTH-CASE-0019,family-08,none
SYN-00080,doc_0019.txt,documents/insurance_card/doc_0019.txt,insurance_card,challenge,395,SYNTH-CASE-0020,family-09,ocr_like_text
SYN-00081,doc_0020.txt,documents/insurance_card/doc_0020.txt,insurance_card,train,246,SYNTH-CASE-0021,family-00,none
SYN-00082,doc_0021.txt,documents/insurance_card/doc_0021.txt,insurance_card,train,326,SYNTH-CASE-0022,family-01,none
SYN-00083,doc_0022.txt,documents/insurance_card/doc_0022.txt,insurance_card,train,235,SYNTH-CASE-0023,family-02,none
SYN-00084,doc_0023.txt,documents/insurance_card/doc_0023.txt,insurance_card,train,285,SYNTH-CASE-0024,family-03,none
SYN-00085,doc_0024.txt,documents/insurance_card/doc_0024.txt,insurance_card,train,262,SYNTH-CASE-0025,family-04,none
SYN-00086,doc_0025.txt,documents/insurance_card/doc_0025.txt,insurance_card,train,278,SYNTH-CASE-0026,family-05,none
SYN-00087,doc_0026.txt,documents/insurance_card/doc_0026.txt,insurance_card,train,186,SYNTH-CASE-0027,family-06,none
SYN-00088,doc_0027.txt,documents/insurance_card/doc_0027.txt,insurance_card,val,346,SYNTH-CASE-0028,family-07,none
SYN-00089,doc_0028.txt,documents/insurance_card/doc_0028.txt,insurance_card,test,240,SYNTH-CASE-0029,family-08,none
SYN-00090,doc_0029.txt,documents/insurance_card/doc_0029.txt,insurance_card,challenge,329,SYNTH-CASE-0030,family-09,ocr_like_text
SYN-00091,doc_0030.txt,documents/insurance_card/doc_0030.txt,insurance_card,train,155,SYNTH-CASE-0031,family-00,none
SYN-00092,doc_0031.txt,documents/insurance_card/doc_0031.txt,insurance_card,train,329,SYNTH-CASE-0032,family-01,none
SYN-00093,doc_0032.txt,documents/insurance_card/doc_0032.txt,insurance_card,train,204,SYNTH-CASE-0033,family-02,none
SYN-00094,doc_0033.txt,documents/insurance_card/doc_0033.txt,insurance_card,train,202,SYNTH-CASE-0034,family-03,none
SYN-00095,doc_0034.txt,documents/insurance_card/doc_0034.txt,insurance_card,train,277,SYNTH-CASE-0035,family-04,none
SYN-00096,doc_0035.txt,documents/insurance_card/doc_0035.txt,insurance_card,train,321,SYNTH-CASE-0036,family-05,none
SYN-00097,doc_0036.txt,documents/insurance_card/doc_0036.txt,insurance_card,train,189,SYNTH-CASE-0037,family-06,none
SYN-00098,doc_0037.txt,documents/insurance_card/doc_0037.txt,insurance_card,val,332,SYNTH-CASE-0038,family-07,none
SYN-00099,doc_0038.txt,documents/insurance_card/doc_0038.txt,insurance_card,test,267,SYNTH-CASE-0039,family-08,none
SYN-00100,doc_0039.txt,documents/insurance_card/doc_0039.txt,insurance_card,challenge,340,SYNTH-CASE-0040,family-09,ocr_like_text
SYN-00101,doc_0040.txt,documents/insurance_card/doc_0040.txt,insurance_card,train,244,SYNTH-CASE-0041,family-00,none
SYN-00102,doc_0041.txt,documents/insurance_card/doc_0041.txt,insurance_card,train,274,SYNTH-CASE-0042,family-01,none
SYN-00103,doc_0042.txt,documents/insurance_card/doc_0042.txt,insurance_card,train,189,SYNTH-CASE-0043,family-02,none
SYN-00104,doc_0043.txt,documents/insurance_card/doc_0043.txt,insurance_card,train,247,SYNTH-CASE-0044,family-03,none
SYN-00105,doc_0044.txt,documents/insurance_card/doc_0044.txt,insurance_card,train,172,SYNTH-CASE-0045,family-04,none
SYN-00106,doc_0045.txt,documents/insurance_card/doc_0045.txt,insurance_card,train,271,SYNTH-CASE-0046,family-05,none
SYN-00107,doc_0046.txt,documents/insurance_card/doc_0046.txt,insurance_card,train,262,SYNTH-CASE-0047,family-06,none
SYN-00108,doc_0047.txt,documents/insurance_card/doc_0047.txt,insurance_card,val,227,SYNTH-CASE-0048,family-07,none
SYN-00109,doc_0048.txt,documents/insurance_card/doc_0048.txt,insurance_card,test,260,SYNTH-CASE-0049,family-08,none
SYN-00110,doc_0049.txt,documents/insurance_card/doc_0049.txt,insurance_card,challenge,251,SYNTH-CASE-0050,family-09,ocr_like_text
SYN-00111,doc_0050.txt,documents/insurance_card/doc_0050.txt,insurance_card,train,314,SYNTH-CASE-0051,family-00,none
SYN-00112,doc_0051.txt,documents/insurance_card/doc_0051.txt,insurance_card,train,231,SYNTH-CASE-0052,family-01,none
SYN-00113,doc_0052.txt,documents/insurance_card/doc_0052.txt,insurance_card,train,253,SYNTH-CASE-0053,family-02,none
SYN-00114,doc_0053.txt,documents/insurance_card/doc_0053.txt,insurance_card,train,225,SYNTH-CASE-0054,family-03,none
SYN-00115,doc_0054.txt,documents/insurance_card/doc_0054.txt,insurance_card,train,377,SYNTH-CASE-0055,family-04,none
SYN-00116,doc_0055.txt,documents/insurance_card/doc_0055.txt,insurance_card,train,341,SYNTH-CASE-0056,family-05,none
SYN-00117,doc_0056.txt,documents/insurance_card/doc_0056.txt,insurance_card,train,302,SYNTH-CASE-0057,family-06,none
SYN-00118,doc_0057.txt,documents/insurance_card/doc_0057.txt,insurance_card,val,365,SYNTH-CASE-0058,family-07,none
SYN-00119,doc_0058.txt,documents/insurance_card/doc_0058.txt,insurance_card,test,237,SYNTH-CASE-0059,family-08,none
SYN-00120,doc_0059.txt,documents/insurance_card/doc_0059.txt,insurance_card,challenge,228,SYNTH-CASE-0060,family-09,ocr_like_text
SYN-00121,doc_0000.txt,documents/referral/doc_0000.txt,referral,train,274,SYNTH-CASE-0001,family-00,none
SYN-00122,doc_0001.txt,documents/referral/doc_0001.txt,referral,train,191,SYNTH-CASE-0002,family-01,none
SYN-00123,doc_0002.txt,documents/referral/doc_0002.txt,referral,train,211,SYNTH-CASE-0003,family-02,none
SYN-00124,doc_0003.txt,documents/referral/doc_0003.txt,referral,train,231,SYNTH-CASE-0004,family-03,none
SYN-00125,doc_0004.txt,documents/referral/doc_0004.txt,referral,train,273,SYNTH-CASE-0005,family-04,none
SYN-00126,doc_0005.txt,documents/referral/doc_0005.txt,referral,train,252,SYNTH-CASE-0006,family-05,none
SYN-00127,doc_0006.txt,documents/referral/doc_0006.txt,referral,train,207,SYNTH-CASE-0007,family-06,none
SYN-00128,doc_0007.txt,documents/referral/doc_0007.txt,referral,val,156,SYNTH-CASE-0008,family-07,none
SYN-00129,doc_0008.txt,documents/referral/doc_0008.txt,referral,test,318,SYNTH-CASE-0009,family-08,none
SYN-00130,doc_0009.txt,documents/referral/doc_0009.txt,referral,challenge,290,SYNTH-CASE-0010,family-09,ocr_like_text
SYN-00131,doc_0010.txt,documents/referral/doc_0010.txt,referral,train,229,SYNTH-CASE-0011,family-00,none
SYN-00132,doc_0011.txt,documents/referral/doc_0011.txt,referral,train,246,SYNTH-CASE-0012,family-01,none
SYN-00133,doc_0012.txt,documents/referral/doc_0012.txt,referral,train,236,SYNTH-CASE-0013,family-02,none
SYN-00134,doc_0013.txt,documents/referral/doc_0013.txt,referral,train,305,SYNTH-CASE-0014,family-03,none
SYN-00135,doc_0014.txt,documents/referral/doc_0014.txt,referral,train,271,SYNTH-CASE-0015,family-04,none
SYN-00136,doc_0015.txt,documents/referral/doc_0015.txt,referral,train,272,SYNTH-CASE-0016,family-05,none
SYN-00137,doc_0016.txt,documents/referral/doc_0016.txt,referral,train,265,SYNTH-CASE-0017,family-06,none
SYN-00138,doc_0017.txt,documents/referral/doc_0017.txt,referral,val,194,SYNTH-CASE-0018,family-07,none
SYN-00139,doc_0018.txt,documents/referral/doc_0018.txt,referral,test,299,SYNTH-CASE-0019,family-08,none
SYN-00140,doc_0019.txt,documents/referral/doc_0019.txt,referral,challenge,336,SYNTH-CASE-0020,family-09,ocr_like_text
SYN-00141,doc_0020.txt,documents/referral/doc_0020.txt,referral,train,220,SYNTH-CASE-0021,family-00,none
SYN-00142,doc_0021.txt,documents/referral/doc_0021.txt,referral,train,245,SYNTH-CASE-0022,family-01,none
SYN-00143,doc_0022.txt,documents/referral/doc_0022.txt,referral,train,358,SYNTH-CASE-0023,family-02,none
SYN-00144,doc_0023.txt,documents/referral/doc_0023.txt,referral,train,297,SYNTH-CASE-0024,family-03,none
SYN-00145,doc_0024.txt,documents/referral/doc_0024.txt,referral,train,385,SYNTH-CASE-0025,family-04,none
SYN-00146,doc_0025.txt,documents/referral/doc_0025.txt,referral,train,158,SYNTH-CASE-0026,family-05,none
SYN-00147,doc_0026.txt,documents/referral/doc_0026.txt,referral,train,236,SYNTH-CASE-0027,family-06,none
SYN-00148,doc_0027.txt,documents/referral/doc_0027.txt,referral,val,320,SYNTH-CASE-0028,family-07,none
SYN-00149,doc_0028.txt,documents/referral/doc_0028.txt,referral,test,304,SYNTH-CASE-0029,family-08,none
SYN-00150,doc_0029.txt,documents/referral/doc_0029.txt,referral,challenge,313,SYNTH-CASE-0030,family-09,ocr_like_text
SYN-00151,doc_0030.txt,documents/referral/doc_0030.txt,referral,train,258,SYNTH-CASE-0031,family-00,none
SYN-00152,doc_0031.txt,documents/referral/doc_0031.txt,referral,train,293,SYNTH-CASE-0032,family-01,none
SYN-00153,doc_0032.txt,documents/referral/doc_0032.txt,referral,train,181,SYNTH-CASE-0033,family-02,none
SYN-00154,doc_0033.txt,documents/referral/doc_0033.txt,referral,train,309,SYNTH-CASE-0034,family-03,none
SYN-00155,doc_0034.txt,documents/referral/doc_0034.txt,referral,train,244,SYNTH-CASE-0035,family-04,none
SYN-00156,doc_0035.txt,documents/referral/doc_0035.txt,referral,train,281,SYNTH-CASE-0036,family-05,none
SYN-00157,doc_0036.txt,documents/referral/doc_0036.txt,referral,train,234,SYNTH-CASE-0037,family-06,none
SYN-00158,doc_0037.txt,documents/referral/doc_0037.txt,referral,val,236,SYNTH-CASE-0038,family-07,none
SYN-00159,doc_0038.txt,documents/referral/doc_0038.txt,referral,test,273,SYNTH-CASE-0039,family-08,none
SYN-00160,doc_0039.txt,documents/referral/doc_0039.txt,referral,challenge,306,SYNTH-CASE-0040,family-09,ocr_like_text
SYN-00161,doc_0040.txt,documents/referral/doc_0040.txt,referral,train,281,SYNTH-CASE-0041,family-00,none
SYN-00162,doc_0041.txt,documents/referral/doc_0041.txt,referral,train,307,SYNTH-CASE-0042,family-01,none
SYN-00163,doc_0042.txt,documents/referral/doc_0042.txt,referral,train,399,SYNTH-CASE-0043,family-02,none
SYN-00164,doc_0043.txt,documents/referral/doc_0043.txt,referral,train,286,SYNTH-CASE-0044,family-03,none
SYN-00165,doc_0044.txt,documents/referral/doc_0044.txt,referral,train,225,SYNTH-CASE-0045,family-04,none
SYN-00166,doc_0045.txt,documents/referral/doc_0045.txt,referral,train,315,SYNTH-CASE-0046,family-05,none
SYN-00167,doc_0046.txt,documents/referral/doc_0046.txt,referral,train,322,SYNTH-CASE-0047,family-06,none
SYN-00168,doc_0047.txt,documents/referral/doc_0047.txt,referral,val,163,SYNTH-CASE-0048,family-07,none
SYN-00169,doc_0048.txt,documents/referral/doc_0048.txt,referral,test,287,SYNTH-CASE-0049,family-08,none
SYN-00170,doc_0049.txt,documents/referral/doc_0049.txt,referral,challenge,321,SYNTH-CASE-0050,family-09,ocr_like_text
SYN-00171,doc_0050.txt,documents/referral/doc_0050.txt,referral,train,264,SYNTH-CASE-0051,family-00,none
SYN-00172,doc_0051.txt,documents/referral/doc_0051.txt,referral,train,322,SYNTH-CASE-0052,family-01,none
SYN-00173,doc_0052.txt,documents/referral/doc_0052.txt,referral,train,292,SYNTH-CASE-0053,family-02,none
SYN-00174,doc_0053.txt,documents/referral/doc_0053.txt,referral,train,277,SYNTH-CASE-0054,family-03,none
SYN-00175,doc_0054.txt,documents/referral/doc_0054.txt,referral,train,265,SYNTH-CASE-0055,family-04,none
SYN-00176,doc_0055.txt,documents/referral/doc_0055.txt,referral,train,226,SYNTH-CASE-0056,family-05,none
SYN-00177,doc_0056.txt,documents/referral/doc_0056.txt,referral,train,222,SYNTH-CASE-0057,family-06,none
SYN-00178,doc_0057.txt,documents/referral/doc_0057.txt,referral,val,148,SYNTH-CASE-0058,family-07,none
SYN-00179,doc_0058.txt,documents/referral/doc_0058.txt,referral,test,260,SYNTH-CASE-0059,family-08,none
SYN-00180,doc_0059.txt,documents/referral/doc_0059.txt,referral,challenge,304,SYNTH-CASE-0060,family-09,ocr_like_text
SYN-00181,doc_0000.txt,documents/prescription/doc_0000.txt,prescription,train,195,SYNTH-CASE-0001,family-00,none
SYN-00182,doc_0001.txt,documents/prescription/doc_0001.txt,prescription,train,169,SYNTH-CASE-0002,family-01,none
SYN-00183,doc_0002.txt,documents/prescription/doc_0002.txt,prescription,train,328,SYNTH-CASE-0003,family-02,none
SYN-00184,doc_0003.txt,documents/prescription/doc_0003.txt,prescription,train,205,SYNTH-CASE-0004,family-03,none
SYN-00185,doc_0004.txt,documents/prescription/doc_0004.txt,prescription,train,191,SYNTH-CASE-0005,family-04,none
SYN-00186,doc_0005.txt,documents/prescription/doc_0005.txt,prescription,train,162,SYNTH-CASE-0006,family-05,none
SYN-00187,doc_0006.txt,documents/prescription/doc_0006.txt,prescription,train,253,SYNTH-CASE-0007,family-06,none
SYN-00188,doc_0007.txt,documents/prescription/doc_0007.txt,prescription,val,298,SYNTH-CASE-0008,family-07,none
SYN-00189,doc_0008.txt,documents/prescription/doc_0008.txt,prescription,test,280,SYNTH-CASE-0009,family-08,none
SYN-00190,doc_0009.txt,documents/prescription/doc_0009.txt,prescription,challenge,294,SYNTH-CASE-0010,family-09,ocr_like_text
SYN-00191,doc_0010.txt,documents/prescription/doc_0010.txt,prescription,train,164,SYNTH-CASE-0011,family-00,none
SYN-00192,doc_0011.txt,documents/prescription/doc_0011.txt,prescription,train,267,SYNTH-CASE-0012,family-01,none
SYN-00193,doc_0012.txt,documents/prescription/doc_0012.txt,prescription,train,321,SYNTH-CASE-0013,family-02,none
SYN-00194,doc_0013.txt,documents/prescription/doc_0013.txt,prescription,train,317,SYNTH-CASE-0014,family-03,none
SYN-00195,doc_0014.txt,documents/prescription/doc_0014.txt,prescription,train,235,SYNTH-CASE-0015,family-04,none
SYN-00196,doc_0015.txt,documents/prescription/doc_0015.txt,prescription,train,218,SYNTH-CASE-0016,family-05,none
SYN-00197,doc_0016.txt,documents/prescription/doc_0016.txt,prescription,train,163,SYNTH-CASE-0017,family-06,none
SYN-00198,doc_0017.txt,documents/prescription/doc_0017.txt,prescription,val,222,SYNTH-CASE-0018,family-07,none
SYN-00199,doc_0018.txt,documents/prescription/doc_0018.txt,prescription,test,212,SYNTH-CASE-0019,family-08,none
SYN-00200,doc_0019.txt,documents/prescription/doc_0019.txt,prescription,challenge,230,SYNTH-CASE-0020,family-09,ocr_like_text
SYN-00201,doc_0020.txt,documents/prescription/doc_0020.txt,prescription,train,272,SYNTH-CASE-0021,family-00,none
SYN-00202,doc_0021.txt,documents/prescription/doc_0021.txt,prescription,train,217,SYNTH-CASE-0022,family-01,none
SYN-00203,doc_0022.txt,documents/prescription/doc_0022.txt,prescription,train,308,SYNTH-CASE-0023,family-02,none
SYN-00204,doc_0023.txt,documents/prescription/doc_0023.txt,prescription,train,268,SYNTH-CASE-0024,family-03,none
SYN-00205,doc_0024.txt,documents/prescription/doc_0024.txt,prescription,train,170,SYNTH-CASE-0025,family-04,none
SYN-00206,doc_0025.txt,documents/prescription/doc_0025.txt,prescription,train,307,SYNTH-CASE-0026,family-05,none
SYN-00207,doc_0026.txt,documents/prescription/doc_0026.txt,prescription,train,232,SYNTH-CASE-0027,family-06,none
SYN-00208,doc_0027.txt,documents/prescription/doc_0027.txt,prescription,val,217,SYNTH-CASE-0028,family-07,none
SYN-00209,doc_0028.txt,documents/prescription/doc_0028.txt,prescription,test,250,SYNTH-CASE-0029,family-08,none
SYN-00210,doc_0029.txt,documents/prescription/doc_0029.txt,prescription,challenge,184,SYNTH-CASE-0030,family-09,ocr_like_text
SYN-00211,doc_0030.txt,documents/prescription/doc_0030.txt,prescription,train,296,SYNTH-CASE-0031,family-00,none
SYN-00212,doc_0031.txt,documents/prescription/doc_0031.txt,prescription,train,227,SYNTH-CASE-0032,family-01,none
SYN-00213,doc_0032.txt,documents/prescription/doc_0032.txt,prescription,train,246,SYNTH-CASE-0033,family-02,none
SYN-00214,doc_0033.txt,documents/prescription/doc_0033.txt,prescription,train,189,SYNTH-CASE-0034,family-03,none
SYN-00215,doc_0034.txt,documents/prescription/doc_0034.txt,prescription,train,239,SYNTH-CASE-0035,family-04,none
SYN-00216,doc_0035.txt,documents/prescription/doc_0035.txt,prescription,train,170,SYNTH-CASE-0036,family-05,none
SYN-00217,doc_0036.txt,documents/prescription/doc_0036.txt,prescription,train,266,SYNTH-CASE-0037,family-06,none
SYN-00218,doc_0037.txt,documents/prescription/doc_0037.txt,prescription,val,247,SYNTH-CASE-0038,family-07,none
SYN-00219,doc_0038.txt,documents/prescription/doc_0038.txt,prescription,test,376,SYNTH-CASE-0039,family-08,none
SYN-00220,doc_0039.txt,documents/prescription/doc_0039.txt,prescription,challenge,391,SYNTH-CASE-0040,family-09,ocr_like_text
SYN-00221,doc_0040.txt,documents/prescription/doc_0040.txt,prescription,train,365,SYNTH-CASE-0041,family-00,none
SYN-00222,doc_0041.txt,documents/prescription/doc_0041.txt,prescription,train,276,SYNTH-CASE-0042,family-01,none
SYN-00223,doc_0042.txt,documents/prescription/doc_0042.txt,prescription,train,234,SYNTH-CASE-0043,family-02,none
SYN-00224,doc_0043.txt,documents/prescription/doc_0043.txt,prescription,train,166,SYNTH-CASE-0044,family-03,none
SYN-00225,doc_0044.txt,documents/prescription/doc_0044.txt,prescription,train,256,SYNTH-CASE-0045,family-04,none
SYN-00226,doc_0045.txt,documents/prescription/doc_0045.txt,prescription,train,146,SYNTH-CASE-0046,family-05,none
SYN-00227,doc_0046.txt,documents/prescription/doc_0046.txt,prescription,train,334,SYNTH-CASE-0047,family-06,none
SYN-00228,doc_0047.txt,documents/prescription/doc_0047.txt,prescription,val,179,SYNTH-CASE-0048,family-07,none
SYN-00229,doc_0048.txt,documents/prescription/doc_0048.txt,prescription,test,199,SYNTH-CASE-0049,family-08,none
SYN-00230,doc_0049.txt,documents/prescription/doc_0049.txt,prescription,challenge,265,SYNTH-CASE-0050,family-09,ocr_like_text
SYN-00231,doc_0050.txt,documents/prescription/doc_0050.txt,prescription,train,279,SYNTH-CASE-0051,family-00,none
SYN-00232,doc_0051.txt,documents/prescription/doc_0051.txt,prescription,train,194,SYNTH-CASE-0052,family-01,none
SYN-00233,doc_0052.txt,documents/prescription/doc_0052.txt,prescription,train,192,SYNTH-CASE-0053,family-02,none
SYN-00234,doc_0053.txt,documents/prescription/doc_0053.txt,prescription,train,206,SYNTH-CASE-0054,family-03,none
SYN-00235,doc_0054.txt,documents/prescription/doc_0054.txt,prescription,train,233,SYNTH-CASE-0055,family-04,none
SYN-00236,doc_0055.txt,documents/prescription/doc_0055.txt,prescription,train,140,SYNTH-CASE-0056,family-05,none
SYN-00237,doc_0056.txt,documents/prescription/doc_0056.txt,prescription,train,284,SYNTH-CASE-0057,family-06,none
SYN-00238,doc_0057.txt,documents/prescription/doc_0057.txt,prescription,val,247,SYNTH-CASE-0058,family-07,none
SYN-00239,doc_0058.txt,documents/prescription/doc_0058.txt,prescription,test,236,SYNTH-CASE-0059,family-08,none
SYN-00240,doc_0059.txt,documents/prescription/doc_0059.txt,prescription,challenge,335,SYNTH-CASE-0060,family-09,ocr_like_text
SYN-00241,doc_0000.txt,documents/clinical_note/doc_0000.txt,clinical_note,train,279,SYNTH-CASE-0001,family-00,none
SYN-00242,doc_0001.txt,documents/clinical_note/doc_0001.txt,clinical_note,train,220,SYNTH-CASE-0002,family-01,none
SYN-00243,doc_0002.txt,documents/clinical_note/doc_0002.txt,clinical_note,train,264,SYNTH-CASE-0003,family-02,none
SYN-00244,doc_0003.txt,documents/clinical_note/doc_0003.txt,clinical_note,train,267,SYNTH-CASE-0004,family-03,none
SYN-00245,doc_0004.txt,documents/clinical_note/doc_0004.txt,clinical_note,train,186,SYNTH-CASE-0005,family-04,none
SYN-00246,doc_0005.txt,documents/clinical_note/doc_0005.txt,clinical_note,train,305,SYNTH-CASE-0006,family-05,none
SYN-00247,doc_0006.txt,documents/clinical_note/doc_0006.txt,clinical_note,train,224,SYNTH-CASE-0007,family-06,none
SYN-00248,doc_0007.txt,documents/clinical_note/doc_0007.txt,clinical_note,val,282,SYNTH-CASE-0008,family-07,none
SYN-00249,doc_0008.txt,documents/clinical_note/doc_0008.txt,clinical_note,test,271,SYNTH-CASE-0009,family-08,none
SYN-00250,doc_0009.txt,documents/clinical_note/doc_0009.txt,clinical_note,challenge,371,SYNTH-CASE-0010,family-09,ocr_like_text
SYN-00251,doc_0010.txt,documents/clinical_note/doc_0010.txt,clinical_note,train,297,SYNTH-CASE-0011,family-00,none
SYN-00252,doc_0011.txt,documents/clinical_note/doc_0011.txt,clinical_note,train,247,SYNTH-CASE-0012,family-01,none
SYN-00253,doc_0012.txt,documents/clinical_note/doc_0012.txt,clinical_note,train,273,SYNTH-CASE-0013,family-02,none
SYN-00254,doc_0013.txt,documents/clinical_note/doc_0013.txt,clinical_note,train,222,SYNTH-CASE-0014,family-03,none
SYN-00255,doc_0014.txt,documents/clinical_note/doc_0014.txt,clinical_note,train,303,SYNTH-CASE-0015,family-04,none
SYN-00256,doc_0015.txt,documents/clinical_note/doc_0015.txt,clinical_note,train,228,SYNTH-CASE-0016,family-05,none
SYN-00257,doc_0016.txt,documents/clinical_note/doc_0016.txt,clinical_note,train,382,SYNTH-CASE-0017,family-06,none
SYN-00258,doc_0017.txt,documents/clinical_note/doc_0017.txt,clinical_note,val,301,SYNTH-CASE-0018,family-07,none
SYN-00259,doc_0018.txt,documents/clinical_note/doc_0018.txt,clinical_note,test,173,SYNTH-CASE-0019,family-08,none
SYN-00260,doc_0019.txt,documents/clinical_note/doc_0019.txt,clinical_note,challenge,339,SYNTH-CASE-0020,family-09,ocr_like_text
SYN-00261,doc_0020.txt,documents/clinical_note/doc_0020.txt,clinical_note,train,195,SYNTH-CASE-0021,family-00,none
SYN-00262,doc_0021.txt,documents/clinical_note/doc_0021.txt,clinical_note,train,232,SYNTH-CASE-0022,family-01,none
SYN-00263,doc_0022.txt,documents/clinical_note/doc_0022.txt,clinical_note,train,249,SYNTH-CASE-0023,family-02,none
SYN-00264,doc_0023.txt,documents/clinical_note/doc_0023.txt,clinical_note,train,310,SYNTH-CASE-0024,family-03,none
SYN-00265,doc_0024.txt,documents/clinical_note/doc_0024.txt,clinical_note,train,340,SYNTH-CASE-0025,family-04,none
SYN-00266,doc_0025.txt,documents/clinical_note/doc_0025.txt,clinical_note,train,350,SYNTH-CASE-0026,family-05,none
SYN-00267,doc_0026.txt,documents/clinical_note/doc_0026.txt,clinical_note,train,217,SYNTH-CASE-0027,family-06,none
SYN-00268,doc_0027.txt,documents/clinical_note/doc_0027.txt,clinical_note,val,234,SYNTH-CASE-0028,family-07,none
SYN-00269,doc_0028.txt,documents/clinical_note/doc_0028.txt,clinical_note,test,317,SYNTH-CASE-0029,family-08,none
SYN-00270,doc_0029.txt,documents/clinical_note/doc_0029.txt,clinical_note,challenge,336,SYNTH-CASE-0030,family-09,ocr_like_text
SYN-00271,doc_0030.txt,documents/clinical_note/doc_0030.txt,clinical_note,train,306,SYNTH-CASE-0031,family-00,none
SYN-00272,doc_0031.txt,documents/clinical_note/doc_0031.txt,clinical_note,train,302,SYNTH-CASE-0032,family-01,none
SYN-00273,doc_0032.txt,documents/clinical_note/doc_0032.txt,clinical_note,train,250,SYNTH-CASE-0033,family-02,none
SYN-00274,doc_0033.txt,documents/clinical_note/doc_0033.txt,clinical_note,train,289,SYNTH-CASE-0034,family-03,none
SYN-00275,doc_0034.txt,documents/clinical_note/doc_0034.txt,clinical_note,train,301,SYNTH-CASE-0035,family-04,none
SYN-00276,doc_0035.txt,documents/clinical_note/doc_0035.txt,clinical_note,train,213,SYNTH-CASE-0036,family-05,none
SYN-00277,doc_0036.txt,documents/clinical_note/doc_0036.txt,clinical_note,train,280,SYNTH-CASE-0037,family-06,none
SYN-00278,doc_0037.txt,documents/clinical_note/doc_0037.txt,clinical_note,val,190,SYNTH-CASE-0038,family-07,none
SYN-00279,doc_0038.txt,documents/clinical_note/doc_0038.txt,clinical_note,test,292,SYNTH-CASE-0039,family-08,none
SYN-00280,doc_0039.txt,documents/clinical_note/doc_0039.txt,clinical_note,challenge,339,SYNTH-CASE-0040,family-09,ocr_like_text
SYN-00281,doc_0040.txt,documents/clinical_note/doc_0040.txt,clinical_note,train,167,SYNTH-CASE-0041,family-00,none
SYN-00282,doc_0041.txt,documents/clinical_note/doc_0041.txt,clinical_note,train,276,SYNTH-CASE-0042,family-01,none
SYN-00283,doc_0042.txt,documents/clinical_note/doc_0042.txt,clinical_note,train,210,SYNTH-CASE-0043,family-02,none
SYN-00284,doc_0043.txt,documents/clinical_note/doc_0043.txt,clinical_note,train,345,SYNTH-CASE-0044,family-03,none
SYN-00285,doc_0044.txt,documents/clinical_note/doc_0044.txt,clinical_note,train,357,SYNTH-CASE-0045,family-04,none
SYN-00286,doc_0045.txt,documents/clinical_note/doc_0045.txt,clinical_note,train,196,SYNTH-CASE-0046,family-05,none
SYN-00287,doc_0046.txt,documents/clinical_note/doc_0046.txt,clinical_note,train,308,SYNTH-CASE-0047,family-06,none
SYN-00288,doc_0047.txt,documents/clinical_note/doc_0047.txt,clinical_note,val,297,SYNTH-CASE-0048,family-07,none
SYN-00289,doc_0048.txt,documents/clinical_note/doc_0048.txt,clinical_note,test,388,SYNTH-CASE-0049,family-08,none
SYN-00290,doc_0049.txt,documents/clinical_note/doc_0049.txt,clinical_note,challenge,283,SYNTH-CASE-0050,family-09,ocr_like_text
SYN-00291,doc_0050.txt,documents/clinical_note/doc_0050.txt,clinical_note,train,406,SYNTH-CASE-0051,family-00,none
SYN-00292,doc_0051.txt,documents/clinical_note/doc_0051.txt,clinical_note,train,254,SYNTH-CASE-0052,family-01,none
SYN-00293,doc_0052.txt,documents/clinical_note/doc_0052.txt,clinical_note,train,339,SYNTH-CASE-0053,family-02,none
SYN-00294,doc_0053.txt,documents/clinical_note/doc_0053.txt,clinical_note,train,210,SYNTH-CASE-0054,family-03,none
SYN-00295,doc_0054.txt,documents/clinical_note/doc_0054.txt,clinical_note,train,304,SYNTH-CASE-0055,family-04,none
SYN-00296,doc_0055.txt,documents/clinical_note/doc_0055.txt,clinical_note,train,200,SYNTH-CASE-0056,family-05,none
SYN-00297,doc_0056.txt,documents/clinical_note/doc_0056.txt,clinical_note,train,271,SYNTH-CASE-0057,family-06,none
SYN-00298,doc_0057.txt,documents/clinical_note/doc_0057.txt,clinical_note,val,270,SYNTH-CASE-0058,family-07,none
SYN-00299,doc_0058.txt,documents/clinical_note/doc_0058.txt,clinical_note,test,208,SYNTH-CASE-0059,family-08,none
SYN-00300,doc_0059.txt,documents/clinical_note/doc_0059.txt,clinical_note,challenge,236,SYNTH-CASE-0060,family-09,ocr_like_text
SYN-00301,doc_0000.txt,documents/medication_history/doc_0000.txt,medication_history,train,251,SYNTH-CASE-0001,family-00,none
SYN-00302,doc_0001.txt,documents/medication_history/doc_0001.txt,medication_history,train,241,SYNTH-CASE-0002,family-01,none
SYN-00303,doc_0002.txt,documents/medication_history/doc_0002.txt,medication_history,train,367,SYNTH-CASE-0003,family-02,none
SYN-00304,doc_0003.txt,documents/medication_history/doc_0003.txt,medication_history,train,226,SYNTH-CASE-0004,family-03,none
SYN-00305,doc_0004.txt,documents/medication_history/doc_0004.txt,medication_history,train,233,SYNTH-CASE-0005,family-04,none
SYN-00306,doc_0005.txt,documents/medication_history/doc_0005.txt,medication_history,train,134,SYNTH-CASE-0006,family-05,none
SYN-00307,doc_0006.txt,documents/medication_history/doc_0006.txt,medication_history,train,242,SYNTH-CASE-0007,family-06,none
SYN-00308,doc_0007.txt,documents/medication_history/doc_0007.txt,medication_history,val,312,SYNTH-CASE-0008,family-07,none
SYN-00309,doc_0008.txt,documents/medication_history/doc_0008.txt,medication_history,test,190,SYNTH-CASE-0009,family-08,none
SYN-00310,doc_0009.txt,documents/medication_history/doc_0009.txt,medication_history,challenge,186,SYNTH-CASE-0010,family-09,ocr_like_text
SYN-00311,doc_0010.txt,documents/medication_history/doc_0010.txt,medication_history,train,253,SYNTH-CASE-0011,family-00,none
SYN-00312,doc_0011.txt,documents/medication_history/doc_0011.txt,medication_history,train,291,SYNTH-CASE-0012,family-01,none
SYN-00313,doc_0012.txt,documents/medication_history/doc_0012.txt,medication_history,train,190,SYNTH-CASE-0013,family-02,none
SYN-00314,doc_0013.txt,documents/medication_history/doc_0013.txt,medication_history,train,254,SYNTH-CASE-0014,family-03,none
SYN-00315,doc_0014.txt,documents/medication_history/doc_0014.txt,medication_history,train,303,SYNTH-CASE-0015,family-04,none
SYN-00316,doc_0015.txt,documents/medication_history/doc_0015.txt,medication_history,train,150,SYNTH-CASE-0016,family-05,none
SYN-00317,doc_0016.txt,documents/medication_history/doc_0016.txt,medication_history,train,173,SYNTH-CASE-0017,family-06,none
SYN-00318,doc_0017.txt,documents/medication_history/doc_0017.txt,medication_history,val,285,SYNTH-CASE-0018,family-07,none
SYN-00319,doc_0018.txt,documents/medication_history/doc_0018.txt,medication_history,test,146,SYNTH-CASE-0019,family-08,none
SYN-00320,doc_0019.txt,documents/medication_history/doc_0019.txt,medication_history,challenge,279,SYNTH-CASE-0020,family-09,ocr_like_text
SYN-00321,doc_0020.txt,documents/medication_history/doc_0020.txt,medication_history,train,194,SYNTH-CASE-0021,family-00,none
SYN-00322,doc_0021.txt,documents/medication_history/doc_0021.txt,medication_history,train,300,SYNTH-CASE-0022,family-01,none
SYN-00323,doc_0022.txt,documents/medication_history/doc_0022.txt,medication_history,train,312,SYNTH-CASE-0023,family-02,none
SYN-00324,doc_0023.txt,documents/medication_history/doc_0023.txt,medication_history,train,236,SYNTH-CASE-0024,family-03,none
SYN-00325,doc_0024.txt,documents/medication_history/doc_0024.txt,medication_history,train,253,SYNTH-CASE-0025,family-04,none
SYN-00326,doc_0025.txt,documents/medication_history/doc_0025.txt,medication_history,train,265,SYNTH-CASE-0026,family-05,none
SYN-00327,doc_0026.txt,documents/medication_history/doc_0026.txt,medication_history,train,243,SYNTH-CASE-0027,family-06,none
SYN-00328,doc_0027.txt,documents/medication_history/doc_0027.txt,medication_history,val,165,SYNTH-CASE-0028,family-07,none
SYN-00329,doc_0028.txt,documents/medication_history/doc_0028.txt,medication_history,test,185,SYNTH-CASE-0029,family-08,none
SYN-00330,doc_0029.txt,documents/medication_history/doc_0029.txt,medication_history,challenge,235,SYNTH-CASE-0030,family-09,ocr_like_text
SYN-00331,doc_0030.txt,documents/medication_history/doc_0030.txt,medication_history,train,178,SYNTH-CASE-0031,family-00,none
SYN-00332,doc_0031.txt,documents/medication_history/doc_0031.txt,medication_history,train,213,SYNTH-CASE-0032,family-01,none
SYN-00333,doc_0032.txt,documents/medication_history/doc_0032.txt,medication_history,train,353,SYNTH-CASE-0033,family-02,none
SYN-00334,doc_0033.txt,documents/medication_history/doc_0033.txt,medication_history,train,340,SYNTH-CASE-0034,family-03,none
SYN-00335,doc_0034.txt,documents/medication_history/doc_0034.txt,medication_history,train,276,SYNTH-CASE-0035,family-04,none
SYN-00336,doc_0035.txt,documents/medication_history/doc_0035.txt,medication_history,train,210,SYNTH-CASE-0036,family-05,none
SYN-00337,doc_0036.txt,documents/medication_history/doc_0036.txt,medication_history,train,271,SYNTH-CASE-0037,family-06,none
SYN-00338,doc_0037.txt,documents/medication_history/doc_0037.txt,medication_history,val,274,SYNTH-CASE-0038,family-07,none
SYN-00339,doc_0038.txt,documents/medication_history/doc_0038.txt,medication_history,test,294,SYNTH-CASE-0039,family-08,none
SYN-00340,doc_0039.txt,documents/medication_history/doc_0039.txt,medication_history,challenge,277,SYNTH-CASE-0040,family-09,ocr_like_text
SYN-00341,doc_0040.txt,documents/medication_history/doc_0040.txt,medication_history,train,268,SYNTH-CASE-0041,family-00,none
SYN-00342,doc_0041.txt,documents/medication_history/doc_0041.txt,medication_history,train,168,SYNTH-CASE-0042,family-01,none
SYN-00343,doc_0042.txt,documents/medication_history/doc_0042.txt,medication_history,train,300,SYNTH-CASE-0043,family-02,none
SYN-00344,doc_0043.txt,documents/medication_history/doc_0043.txt,medication_history,train,223,SYNTH-CASE-0044,family-03,none
SYN-00345,doc_0044.txt,documents/medication_history/doc_0044.txt,medication_history,train,220,SYNTH-CASE-0045,family-04,none
SYN-00346,doc_0045.txt,documents/medication_history/doc_0045.txt,medication_history,train,233,SYNTH-CASE-0046,family-05,none
SYN-00347,doc_0046.txt,documents/medication_history/doc_0046.txt,medication_history,train,159,SYNTH-CASE-0047,family-06,none
SYN-00348,doc_0047.txt,documents/medication_history/doc_0047.txt,medication_history,val,189,SYNTH-CASE-0048,family-07,none
SYN-00349,doc_0048.txt,documents/medication_history/doc_0048.txt,medication_history,test,220,SYNTH-CASE-0049,family-08,none
SYN-00350,doc_0049.txt,documents/medication_history/doc_0049.txt,medication_history,challenge,265,SYNTH-CASE-0050,family-09,ocr_like_text
SYN-00351,doc_0050.txt,documents/medication_history/doc_0050.txt,medication_history,train,183,SYNTH-CASE-0051,family-00,none
SYN-00352,doc_0051.txt,documents/medication_history/doc_0051.txt,medication_history,train,191,SYNTH-CASE-0052,family-01,none
SYN-00353,doc_0052.txt,documents/medication_history/doc_0052.txt,medication_history,train,221,SYNTH-CASE-0053,family-02,none
SYN-00354,doc_0053.txt,documents/medication_history/doc_0053.txt,medication_history,train,167,SYNTH-CASE-0054,family-03,none
SYN-00355,doc_0054.txt,documents/medication_history/doc_0054.txt,medication_history,train,291,SYNTH-CASE-0055,family-04,none
SYN-00356,doc_0055.txt,documents/medication_history/doc_0055.txt,medication_history,train,253,SYNTH-CASE-0056,family-05,none
SYN-00357,doc_0056.txt,documents/medication_history/doc_0056.txt,medication_history,train,322,SYNTH-CASE-0057,family-06,none
SYN-00358,doc_0057.txt,documents/medication_history/doc_0057.txt,medication_history,val,315,SYNTH-CASE-0058,family-07,none
SYN-00359,doc_0058.txt,documents/medication_history/doc_0058.txt,medication_history,test,218,SYNTH-CASE-0059,family-08,none
SYN-00360,doc_0059.txt,documents/medication_history/doc_0059.txt,medication_history,challenge,271,SYNTH-CASE-0060,family-09,ocr_like_text
SYN-00361,doc_0000.txt,documents/lab_report/doc_0000.txt,lab_report,train,211,SYNTH-CASE-0001,family-00,none
SYN-00362,doc_0001.txt,documents/lab_report/doc_0001.txt,lab_report,train,213,SYNTH-CASE-0002,family-01,none
SYN-00363,doc_0002.txt,documents/lab_report/doc_0002.txt,lab_report,train,292,SYNTH-CASE-0003,family-02,none
SYN-00364,doc_0003.txt,documents/lab_report/doc_0003.txt,lab_report,train,192,SYNTH-CASE-0004,family-03,none
SYN-00365,doc_0004.txt,documents/lab_report/doc_0004.txt,lab_report,train,296,SYNTH-CASE-0005,family-04,none
SYN-00366,doc_0005.txt,documents/lab_report/doc_0005.txt,lab_report,train,248,SYNTH-CASE-0006,family-05,none
SYN-00367,doc_0006.txt,documents/lab_report/doc_0006.txt,lab_report,train,226,SYNTH-CASE-0007,family-06,none
SYN-00368,doc_0007.txt,documents/lab_report/doc_0007.txt,lab_report,val,135,SYNTH-CASE-0008,family-07,none
SYN-00369,doc_0008.txt,documents/lab_report/doc_0008.txt,lab_report,test,168,SYNTH-CASE-0009,family-08,none
SYN-00370,doc_0009.txt,documents/lab_report/doc_0009.txt,lab_report,challenge,232,SYNTH-CASE-0010,family-09,ocr_like_text
SYN-00371,doc_0010.txt,documents/lab_report/doc_0010.txt,lab_report,train,145,SYNTH-CASE-0011,family-00,none
SYN-00372,doc_0011.txt,documents/lab_report/doc_0011.txt,lab_report,train,230,SYNTH-CASE-0012,family-01,none
SYN-00373,doc_0012.txt,documents/lab_report/doc_0012.txt,lab_report,train,224,SYNTH-CASE-0013,family-02,none
SYN-00374,doc_0013.txt,documents/lab_report/doc_0013.txt,lab_report,train,263,SYNTH-CASE-0014,family-03,none
SYN-00375,doc_0014.txt,documents/lab_report/doc_0014.txt,lab_report,train,299,SYNTH-CASE-0015,family-04,none
SYN-00376,doc_0015.txt,documents/lab_report/doc_0015.txt,lab_report,train,202,SYNTH-CASE-0016,family-05,none
SYN-00377,doc_0016.txt,documents/lab_report/doc_0016.txt,lab_report,train,232,SYNTH-CASE-0017,family-06,none
SYN-00378,doc_0017.txt,documents/lab_report/doc_0017.txt,lab_report,val,135,SYNTH-CASE-0018,family-07,none
SYN-00379,doc_0018.txt,documents/lab_report/doc_0018.txt,lab_report,test,255,SYNTH-CASE-0019,family-08,none
SYN-00380,doc_0019.txt,documents/lab_report/doc_0019.txt,lab_report,challenge,233,SYNTH-CASE-0020,family-09,ocr_like_text
SYN-00381,doc_0020.txt,documents/lab_report/doc_0020.txt,lab_report,train,173,SYNTH-CASE-0021,family-00,none
SYN-00382,doc_0021.txt,documents/lab_report/doc_0021.txt,lab_report,train,211,SYNTH-CASE-0022,family-01,none
SYN-00383,doc_0022.txt,documents/lab_report/doc_0022.txt,lab_report,train,189,SYNTH-CASE-0023,family-02,none
SYN-00384,doc_0023.txt,documents/lab_report/doc_0023.txt,lab_report,train,293,SYNTH-CASE-0024,family-03,none
SYN-00385,doc_0024.txt,documents/lab_report/doc_0024.txt,lab_report,train,186,SYNTH-CASE-0025,family-04,none
SYN-00386,doc_0025.txt,documents/lab_report/doc_0025.txt,lab_report,train,255,SYNTH-CASE-0026,family-05,none
SYN-00387,doc_0026.txt,documents/lab_report/doc_0026.txt,lab_report,train,277,SYNTH-CASE-0027,family-06,none
SYN-00388,doc_0027.txt,documents/lab_report/doc_0027.txt,lab_report,val,233,SYNTH-CASE-0028,family-07,none
SYN-00389,doc_0028.txt,documents/lab_report/doc_0028.txt,lab_report,test,303,SYNTH-CASE-0029,family-08,none
SYN-00390,doc_0029.txt,documents/lab_report/doc_0029.txt,lab_report,challenge,333,SYNTH-CASE-0030,family-09,ocr_like_text
SYN-00391,doc_0030.txt,documents/lab_report/doc_0030.txt,lab_report,train,211,SYNTH-CASE-0031,family-00,none
SYN-00392,doc_0031.txt,documents/lab_report/doc_0031.txt,lab_report,train,181,SYNTH-CASE-0032,family-01,none
SYN-00393,doc_0032.txt,documents/lab_report/doc_0032.txt,lab_report,train,236,SYNTH-CASE-0033,family-02,none
SYN-00394,doc_0033.txt,documents/lab_report/doc_0033.txt,lab_report,train,181,SYNTH-CASE-0034,family-03,none
SYN-00395,doc_0034.txt,documents/lab_report/doc_0034.txt,lab_report,train,296,SYNTH-CASE-0035,family-04,none
SYN-00396,doc_0035.txt,documents/lab_report/doc_0035.txt,lab_report,train,217,SYNTH-CASE-0036,family-05,none
SYN-00397,doc_0036.txt,documents/lab_report/doc_0036.txt,lab_report,train,196,SYNTH-CASE-0037,family-06,none
SYN-00398,doc_0037.txt,documents/lab_report/doc_0037.txt,lab_report,val,232,SYNTH-CASE-0038,family-07,none
SYN-00399,doc_0038.txt,documents/lab_report/doc_0038.txt,lab_report,test,224,SYNTH-CASE-0039,family-08,none
SYN-00400,doc_0039.txt,documents/lab_report/doc_0039.txt,lab_report,challenge,289,SYNTH-CASE-0040,family-09,ocr_like_text
SYN-00401,doc_0040.txt,documents/lab_report/doc_0040.txt,lab_report,train,320,SYNTH-CASE-0041,family-00,none
SYN-00402,doc_0041.txt,documents/lab_report/doc_0041.txt,lab_report,train,223,SYNTH-CASE-0042,family-01,none
SYN-00403,doc_0042.txt,documents/lab_report/doc_0042.txt,lab_report,train,149,SYNTH-CASE-0043,family-02,none
SYN-00404,doc_0043.txt,documents/lab_report/doc_0043.txt,lab_report,train,222,SYNTH-CASE-0044,family-03,none
SYN-00405,doc_0044.txt,documents/lab_report/doc_0044.txt,lab_report,train,351,SYNTH-CASE-0045,family-04,none
SYN-00406,doc_0045.txt,documents/lab_report/doc_0045.txt,lab_report,train,186,SYNTH-CASE-0046,family-05,none
SYN-00407,doc_0046.txt,documents/lab_report/doc_0046.txt,lab_report,train,230,SYNTH-CASE-0047,family-06,none
SYN-00408,doc_0047.txt,documents/lab_report/doc_0047.txt,lab_report,val,186,SYNTH-CASE-0048,family-07,none
SYN-00409,doc_0048.txt,documents/lab_report/doc_0048.txt,lab_report,test,206,SYNTH-CASE-0049,family-08,none
SYN-00410,doc_0049.txt,documents/lab_report/doc_0049.txt,lab_report,challenge,339,SYNTH-CASE-0050,family-09,ocr_like_text
SYN-00411,doc_0050.txt,documents/lab_report/doc_0050.txt,lab_report,train,260,SYNTH-CASE-0051,family-00,none
SYN-00412,doc_0051.txt,documents/lab_report/doc_0051.txt,lab_report,train,222,SYNTH-CASE-0052,family-01,none
SYN-00413,doc_0052.txt,documents/lab_report/doc_0052.txt,lab_report,train,249,SYNTH-CASE-0053,family-02,none
SYN-00414,doc_0053.txt,documents/lab_report/doc_0053.txt,lab_report,train,212,SYNTH-CASE-0054,family-03,none
SYN-00415,doc_0054.txt,documents/lab_report/doc_0054.txt,lab_report,train,251,SYNTH-CASE-0055,family-04,none
SYN-00416,doc_0055.txt,documents/lab_report/doc_0055.txt,lab_report,train,235,SYNTH-CASE-0056,family-05,none
SYN-00417,doc_0056.txt,documents/lab_report/doc_0056.txt,lab_report,train,228,SYNTH-CASE-0057,family-06,none
SYN-00418,doc_0057.txt,documents/lab_report/doc_0057.txt,lab_report,val,232,SYNTH-CASE-0058,family-07,none
SYN-00419,doc_0058.txt,documents/lab_report/doc_0058.txt,lab_report,test,282,SYNTH-CASE-0059,family-08,none
SYN-00420,doc_0059.txt,documents/lab_report/doc_0059.txt,lab_report,challenge,278,SYNTH-CASE-0060,family-09,ocr_like_text
SYN-00421,doc_0000.txt,documents/other/doc_0000.txt,other,train,291,SYNTH-CASE-0001,family-00,none
SYN-00422,doc_0001.txt,documents/other/doc_0001.txt,other,train,225,SYNTH-CASE-0002,family-01,none
SYN-00423,doc_0002.txt,documents/other/doc_0002.txt,other,train,232,SYNTH-CASE-0003,family-02,none
SYN-00424,doc_0003.txt,documents/other/doc_0003.txt,other,train,321,SYNTH-CASE-0004,family-03,none
SYN-00425,doc_0004.txt,documents/other/doc_0004.txt,other,train,274,SYNTH-CASE-0005,family-04,none
SYN-00426,doc_0005.txt,documents/other/doc_0005.txt,other,train,201,SYNTH-CASE-0006,family-05,none
SYN-00427,doc_0006.txt,documents/other/doc_0006.txt,other,train,242,SYNTH-CASE-0007,family-06,none
SYN-00428,doc_0007.txt,documents/other/doc_0007.txt,other,val,294,SYNTH-CASE-0008,family-07,none
SYN-00429,doc_0008.txt,documents/other/doc_0008.txt,other,test,274,SYNTH-CASE-0009,family-08,none
SYN-00430,doc_0009.txt,documents/other/doc_0009.txt,other,challenge,231,SYNTH-CASE-0010,family-09,ocr_like_text
SYN-00431,doc_0010.txt,documents/other/doc_0010.txt,other,train,206,SYNTH-CASE-0011,family-00,none
SYN-00432,doc_0011.txt,documents/other/doc_0011.txt,other,train,260,SYNTH-CASE-0012,family-01,none
SYN-00433,doc_0012.txt,documents/other/doc_0012.txt,other,train,273,SYNTH-CASE-0013,family-02,none
SYN-00434,doc_0013.txt,documents/other/doc_0013.txt,other,train,163,SYNTH-CASE-0014,family-03,none
SYN-00435,doc_0014.txt,documents/other/doc_0014.txt,other,train,310,SYNTH-CASE-0015,family-04,none
SYN-00436,doc_0015.txt,documents/other/doc_0015.txt,other,train,224,SYNTH-CASE-0016,family-05,none
SYN-00437,doc_0016.txt,documents/other/doc_0016.txt,other,train,234,SYNTH-CASE-0017,family-06,none
SYN-00438,doc_0017.txt,documents/other/doc_0017.txt,other,val,144,SYNTH-CASE-0018,family-07,none
SYN-00439,doc_0018.txt,documents/other/doc_0018.txt,other,test,240,SYNTH-CASE-0019,family-08,none
SYN-00440,doc_0019.txt,documents/other/doc_0019.txt,other,challenge,319,SYNTH-CASE-0020,family-09,ocr_like_text
SYN-00441,doc_0020.txt,documents/other/doc_0020.txt,other,train,260,SYNTH-CASE-0021,family-00,none
SYN-00442,doc_0021.txt,documents/other/doc_0021.txt,other,train,190,SYNTH-CASE-0022,family-01,none
SYN-00443,doc_0022.txt,documents/other/doc_0022.txt,other,train,164,SYNTH-CASE-0023,family-02,none
SYN-00444,doc_0023.txt,documents/other/doc_0023.txt,other,train,278,SYNTH-CASE-0024,family-03,none
SYN-00445,doc_0024.txt,documents/other/doc_0024.txt,other,train,177,SYNTH-CASE-0025,family-04,none
SYN-00446,doc_0025.txt,documents/other/doc_0025.txt,other,train,238,SYNTH-CASE-0026,family-05,none
SYN-00447,doc_0026.txt,documents/other/doc_0026.txt,other,train,185,SYNTH-CASE-0027,family-06,none
SYN-00448,doc_0027.txt,documents/other/doc_0027.txt,other,val,226,SYNTH-CASE-0028,family-07,none
SYN-00449,doc_0028.txt,documents/other/doc_0028.txt,other,test,400,SYNTH-CASE-0029,family-08,none
SYN-00450,doc_0029.txt,documents/other/doc_0029.txt,other,challenge,331,SYNTH-CASE-0030,family-09,ocr_like_text
SYN-00451,doc_0030.txt,documents/other/doc_0030.txt,other,train,265,SYNTH-CASE-0031,family-00,none
SYN-00452,doc_0031.txt,documents/other/doc_0031.txt,other,train,359,SYNTH-CASE-0032,family-01,none
SYN-00453,doc_0032.txt,documents/other/doc_0032.txt,other,train,230,SYNTH-CASE-0033,family-02,none
SYN-00454,doc_0033.txt,documents/other/doc_0033.txt,other,train,216,SYNTH-CASE-0034,family-03,none
SYN-00455,doc_0034.txt,documents/other/doc_0034.txt,other,train,387,SYNTH-CASE-0035,family-04,none
SYN-00456,doc_0035.txt,documents/other/doc_0035.txt,other,train,250,SYNTH-CASE-0036,family-05,none
SYN-00457,doc_0036.txt,documents/other/doc_0036.txt,other,train,285,SYNTH-CASE-0037,family-06,none
SYN-00458,doc_0037.txt,documents/other/doc_0037.txt,other,val,188,SYNTH-CASE-0038,family-07,none
SYN-00459,doc_0038.txt,documents/other/doc_0038.txt,other,test,162,SYNTH-CASE-0039,family-08,none
SYN-00460,doc_0039.txt,documents/other/doc_0039.txt,other,challenge,301,SYNTH-CASE-0040,family-09,ocr_like_text
SYN-00461,doc_0040.txt,documents/other/doc_0040.txt,other,train,287,SYNTH-CASE-0041,family-00,none
SYN-00462,doc_0041.txt,documents/other/doc_0041.txt,other,train,252,SYNTH-CASE-0042,family-01,none
SYN-00463,doc_0042.txt,documents/other/doc_0042.txt,other,train,283,SYNTH-CASE-0043,family-02,none
SYN-00464,doc_0043.txt,documents/other/doc_0043.txt,other,train,218,SYNTH-CASE-0044,family-03,none
SYN-00465,doc_0044.txt,documents/other/doc_0044.txt,other,train,283,SYNTH-CASE-0045,family-04,none
SYN-00466,doc_0045.txt,documents/other/doc_0045.txt,other,train,288,SYNTH-CASE-0046,family-05,none
SYN-00467,doc_0046.txt,documents/other/doc_0046.txt,other,train,231,SYNTH-CASE-0047,family-06,none
SYN-00468,doc_0047.txt,documents/other/doc_0047.txt,other,val,266,SYNTH-CASE-0048,family-07,none
SYN-00469,doc_0048.txt,documents/other/doc_0048.txt,other,test,212,SYNTH-CASE-0049,family-08,none
SYN-00470,doc_0049.txt,documents/other/doc_0049.txt,other,challenge,396,SYNTH-CASE-0050,family-09,ocr_like_text
SYN-00471,doc_0050.txt,documents/other/doc_0050.txt,other,train,299,SYNTH-CASE-0051,family-00,none
SYN-00472,doc_0051.txt,documents/other/doc_0051.txt,other,train,252,SYNTH-CASE-0052,family-01,none
SYN-00473,doc_0052.txt,documents/other/doc_0052.txt,other,train,328,SYNTH-CASE-0053,family-02,none
SYN-00474,doc_0053.txt,documents/other/doc_0053.txt,other,train,289,SYNTH-CASE-0054,family-03,none
SYN-00475,doc_0054.txt,documents/other/doc_0054.txt,other,train,224,SYNTH-CASE-0055,family-04,none
SYN-00476,doc_0055.txt,documents/other/doc_0055.txt,other,train,259,SYNTH-CASE-0056,family-05,none
SYN-00477,doc_0056.txt,documents/other/doc_0056.txt,other,train,218,SYNTH-CASE-0057,family-06,none
SYN-00478,doc_0057.txt,documents/other/doc_0057.txt,other,val,273,SYNTH-CASE-0058,family-07,none
SYN-00479,doc_0058.txt,documents/other/doc_0058.txt,other,test,259,SYNTH-CASE-0059,family-08,none
SYN-00480,doc_0059.txt,documents/other/doc_0059.txt,other,challenge,266,SYNTH-CASE-0060,family-09,ocr_like_text
